DATAFLOW,FREQ,REF_AREA,TIME_PERIOD,OBS_VALUE,UNIT_MEASURE,UNIT_MULT,TIME_FORMAT,COMPILATION,DECIMALS,SOURCE_REF,SUPP_INFO_BREAKS,TITLE,OBS_STATUS,OBS_CONF,OBS_PRE_BREAK
BIS:WS_CBPOL(1.0),D,IN,2025-11-24,5.5,368,0,,From 3 Apr 2001 onwards: official repo overnight rate; from 1 Jan 1946 to 2 Apr 2001: oank rate.,4,Reserve Bank of India,This rate can be considered the official policy rate as from 2001. The Reserve Bank of India (RBI) did not have a single policy rate prior to 2001. , Central bank policy rates - India - Daily - End of period,A,F,
BIS:WS_CBPOL(1.0),D,IN,2025-11-25,5.5,368,0,,From 3 Apr 2001 onwards: official repo overnight rate; from 1 Jan 1946 to 2 Apr 2001: oank rate.,4,Reserve Bank of India,This rate can be considered the official policy rate as from 2001. The Reserve Bank of India (RBI) did not have a single policy rate prior to 2001. , Central bank policy rates - India - Daily - End of period,A,F,
BIS:WS_CBPOL(1.0),D,IN,2025-11-26,5.5,368,0,,From 3 Apr 2001 onwards: official repo overnight rate; from 1 Jan 1946 to 2 Apr 2001: oank rate.,4,Reserve Bank of India,This rate can be considered the official policy rate as from 2001. The Reserve Bank of India (RBI) did not have a single policy rate prior to 2001. , Central bank policy rates - India - Daily - End of period,A,F,
BIS:WS_CBPOL(1.0),D,IN,2025-11-27,5.5,368,0,,From 3 Apr 2001 onwards: official repo overnight rate; from 1 Jan 1946 to 2 Apr 2001: oank rate.,4,Reserve Bank of India,This rate can be considered the official policy rate as from 2001. The Reserve Bank of India (RBI) did not have a single policy rate prior to 2001. , Central bank policy rates - India - Daily - End of period,A,F,
BIS:WS_CBPOL(1.0),D,IN,2025-11-28,5.5,368,0,,From 3 Apr 2001 onwards: official repo overnight rate; from 1 Jan 1946 to 2 Apr 2001: oank rate.,4,Reserve Bank of India,This rate can be considered the official policy rate as from 2001. The Reserve Bank of India (RBI) did not have a single policy rate prior to 2001. , Central bank policy rates - India - Daily - End of period,A,F,
BIS:WS_CBPOL(1.0),D,IN,2025-11-29,5.5,368,0,,From 3 Apr 2001 onwards: official repo overnight rate; from 1 Jan 1946 to 2 Apr 2001: oank rate.,4,Reserve Bank of India,This rate can be considered the official policy rate as from 2001. The Reserve Bank of India (RBI) did not have a single policy rate prior to 2001. , Central bank policy rates - India - Daily - End of period,A,F,
BIS:WS_CBPOL(1.0),D,IN,2025-11-30,NaN,368,0,,From 3 Apr 2001 onwards: official repo overnight rate; from 1 Jan 1946 to 2 Apr 2001: oank rate.,4,Reserve Bank of India,This rate can be considered the official policy rate as from 2001. The Reserve Bank of India (RBI) did not have a single policy rate prior to 2001. , Central bank policy rates - India - Daily - End of period,M,F,
BIS:WS_CBPOL(1.0),D,IN,2025-12-01,5.5,368,0,,From 3 Apr 2001 onwards: official repo overnight rate; from 1 Jan 1946 to 2 Apr 2001: oank rate.,4,Reserve Bank of India,This rate can be considered the official policy rate as from 2001. The Reserve Bank of India (RBI) did not have a single policy rate prior to 2001. , Central bank policy rates - India - Daily - End of period,A,F,
BIS:WS_CBPOL(1.0),D,IN,2025-12-02,5.5,368,0,,From 3 Apr 2001 onwards: official repo overnight rate; from 1 Jan 1946 to 2 Apr 2001: oank rate.,4,Reserve Bank of India,This rate can be considered the official policy rate as from 2001. The Reserve Bank of India (RBI) did not have a single policy rate prior to 2001. , Central bank policy rates - India - Daily - End of period,A,F,
BIS:WS_CBPOL(1.0),D,IN,2025-12-03,5.5,368,0,,From 3 Apr 2001 onwards: official repo overnight rate; from 1 Jan 1946 to 2 Apr 2001: oank rate.,4,Reserve Bank of India,This rate can be considered the official policy rate as from 2001. The Reserve Bank of India (RBI) did not have a single policy rate prior to 2001. , Central bank policy rates - India - Daily - End of period,A,F,
BIS:WS_CBPOL(1.0),D,IN,2025-12-04,5.5,368,0,,From 3 Apr 2001 onwards: official repo overnight rate; from 1 Jan 1946 to 2 Apr 2001: oank rate.,4,Reserve Bank of India,This rate can be considered the official policy rate as from 2001. The Reserve Bank of India (RBI) did not have a single policy rate prior to 2001. , Central bank policy rates - India - Daily - End of period,A,F,
BIS:WS_CBPOL(1.0),D,IN,2025-12-05,5.25,368,0,,From 3 Apr 2001 onwards: official repo overnight rate; from 1 Jan 1946 to 2 Apr 2001: oank rate.,4,Reserve Bank of India,This rate can be considered the official policy rate as from 2001. The Reserve Bank of India (RBI) did not have a single policy rate prior to 2001. , Central bank policy rates - India - Daily - End of period,A,F,
BIS:WS_CBPOL(1.0),D,IN,2025-12-06,5.25,368,0,,From 3 Apr 2001 onwards: official repo overnight rate; from 1 Jan 1946 to 2 Apr 2001: oank rate.,4,Reserve Bank of India,This rate can be considered the official policy rate as from 2001. The Reserve Bank of India (RBI) did not have a single policy rate prior to 2001. , Central bank policy rates - India - Daily - End of period,A,F,
BIS:WS_CBPOL(1.0),D,IN,2025-12-07,NaN,368,0,,From 3 Apr 2001 onwards: official repo overnight rate; from 1 Jan 1946 to 2 Apr 2001: oank rate.,4,Reserve Bank of India,This rate can be considered the official policy rate as from 2001. The Reserve Bank of India (RBI) did not have a single policy rate prior to 2001. , Central bank policy rates - India - Daily - End of period,M,F,
BIS:WS_CBPOL(1.0),D,IN,2025-12-08,5.25,368,0,,From 3 Apr 2001 onwards: official repo overnight rate; from 1 Jan 1946 to 2 Apr 2001: oank rate.,4,Reserve Bank of India,This rate can be considered the official policy rate as from 2001. The Reserve Bank of India (RBI) did not have a single policy rate prior to 2001. , Central bank policy rates - India - Daily - End of period,A,F,
BIS:WS_CBPOL(1.0),D,IN,2025-12-09,5.25,368,0,,From 3 Apr 2001 onwards: official repo overnight rate; from 1 Jan 1946 to 2 Apr 2001: oank rate.,4,Reserve Bank of India,This rate can be considered the official policy rate as from 2001. The Reserve Bank of India (RBI) did not have a single policy rate prior to 2001. , Central bank policy rates - India - Daily - End of period,A,F,
BIS:WS_CBPOL(1.0),D,IN,2025-12-10,5.25,368,0,,From 3 Apr 2001 onwards: official repo overnight rate; from 1 Jan 1946 to 2 Apr 2001: oank rate.,4,Reserve Bank of India,This rate can be considered the official policy rate as from 2001. The Reserve Bank of India (RBI) did not have a single policy rate prior to 2001. , Central bank policy rates - India - Daily - End of period,A,F,
BIS:WS_CBPOL(1.0),D,IN,2025-12-11,5.25,368,0,,From 3 Apr 2001 onwards: official repo overnight rate; from 1 Jan 1946 to 2 Apr 2001: oank rate.,4,Reserve Bank of India,This rate can be considered the official policy rate as from 2001. The Reserve Bank of India (RBI) did not have a single policy rate prior to 2001. , Central bank policy rates - India - Daily - End of period,A,F,
BIS:WS_CBPOL(1.0),D,IN,2025-12-12,5.25,368,0,,From 3 Apr 2001 onwards: official repo overnight rate; from 1 Jan 1946 to 2 Apr 2001: oank rate.,4,Reserve Bank of India,This rate can be considered the official policy rate as from 2001. The Reserve Bank of India (RBI) did not have a single policy rate prior to 2001. , Central bank policy rates - India - Daily - End of period,A,F,
BIS:WS_CBPOL(1.0),D,IN,2025-12-13,NaN,368,0,,From 3 Apr 2001 onwards: official repo overnight rate; from 1 Jan 1946 to 2 Apr 2001: oank rate.,4,Reserve Bank of India,This rate can be considered the official policy rate as from 2001. The Reserve Bank of India (RBI) did not have a single policy rate prior to 2001. , Central bank policy rates - India - Daily - End of period,M,F,
BIS:WS_CBPOL(1.0),D,IN,2025-12-14,NaN,368,0,,From 3 Apr 2001 onwards: official repo overnight rate; from 1 Jan 1946 to 2 Apr 2001: oank rate.,4,Reserve Bank of India,This rate can be considered the official policy rate as from 2001. The Reserve Bank of India (RBI) did not have a single policy rate prior to 2001. , Central bank policy rates - India - Daily - End of period,M,F,
